Email;Event;Framecount;PotionRotationX;PotionRotationY;PotionRotationZ;SessionID;Timestamp
anonymous;Sample;1;0.0000;0.0000;0.0000;621acfc6-0c46-4724-9e7d-8b040eaeece4;2026-09-22 11:14:43.0972
anonymous;Sample;3;0.0000;0.0000;0.0000;621acfc6-0c46-4724-9e7d-8b040eaeece4;2026-09-22 11:14:43.1857
anonymous;Sample;5;-0.0001;0.0000;0.0000;621acfc6-0c46-4724-9e7d-8b040eaeece4;2026-09-22 11:14:43.2149
anonymous;Sample;8;-0.0001;0.0000;0.0001;621acfc6-0c46-4724-9e7d-8b040eaeece4;2026-09-22 11:14:43.2572
anonymous;Sample;11;0.0000;0.0000;0.0000;621acfc6-0c46-4724-9e7d-8b040eaeece4;2026-09-22 11:14:43.2995
anonymous;Sample;12;0.0000;0.0000;0.0000;621acfc6-0c46-4724-9e7d-8b040eaeece4;2026-09-22 11:14:43.3134
anonymous;Sample;15;0.0000;0.0000;0.0000;621acfc6-0c46-4724-9e7d-8b040eaeece4;2026-09-22 11:14:43.3537
anonymous;Sample;17;0.0000;0.0000;0.0000;621acfc6-0c46-4724-9e7d-8b040eaeece4;2026-09-22 11:14:43.3804
anonymous;Sample;19;0.0000;0.0000;0.0000;621acfc6-0c46-4724-9e7d-8b040eaeece4;2026-09-22 11:14:43.4102
anonymous;Sample;22;0.0000;0.0000;0.0000;621acfc6-0c46-4724-9e7d-8b040eaeece4;2026-09-22 11:14:43.4510
anonymous;Sample;25;0.0000;0.0000;0.0000;621acfc6-0c46-4724-9e7d-8b040eaeece4;2026-09-22 11:14:43.4941
anonymous;Sample;26;0.0000;0.0000;0.0000;621acfc6-0c46-4724-9e7d-8b040eaeece4;2026-09-22 11:14:43.5068
anonymous;Sample;29;0.0000;0.0000;0.0000;621acfc6-0c46-4724-9e7d-8b040eaeece4;2026-09-22 11:14:43.5470
anonymous;Sample;31;0.0000;0.0000;0.0000;621acfc6-0c46-4724-9e7d-8b040eaeece4;2026-09-22 11:14:43.5768
anonymous;Sample;34;0.0000;0.0000;0.0000;621acfc6-0c46-4724-9e7d-8b040eaeece4;2026-09-22 11:14:43.6194
anonymous;Sample;35;0.0000;0.0000;0.0000;621acfc6-0c46-4724-9e7d-8b040eaeece4;2026-09-22 11:14:43.6326
anonymous;Sample;38;0.0000;0.0000;0.0000;621acfc6-0c46-4724-9e7d-8b040eaeece4;2026-09-22 11:14:43.6715
anonymous;Sample;40;0.0000;0.0000;0.0000;621acfc6-0c46-4724-9e7d-8b040eaeece4;2026-09-22 11:14:43.7015
anonymous;Sample;43;0.0000;0.0000;0.0000;621acfc6-0c46-4724-9e7d-8b040eaeece4;2026-09-22 11:14:43.7311
anonymous;Sample;45;0.0000;0.0000;0.0000;621acfc6-0c46-4724-9e7d-8b040eaeece4;2026-09-22 11:14:43.7555
anonymous;Sample;48;0.0000;0.0000;0.0000;621acfc6-0c46-4724-9e7d-8b040eaeece4;2026-09-22 11:14:43.7994
anonymous;Sample;49;0.0000;0.0000;0.0000;621acfc6-0c46-4724-9e7d-8b040eaeece4;2026-09-22 11:14:43.8138
anonymous;Sample;52;0.0000;0.0000;0.0000;621acfc6-0c46-4724-9e7d-8b040eaeece4;2026-09-22 11:14:43.8550
anonymous;Sample;53;0.0000;0.0000;0.0000;621acfc6-0c46-4724-9e7d-8b040eaeece4;2026-09-22 11:14:43.8692
anonymous;Sample;56;0.0000;0.0000;0.0000;621acfc6-0c46-4724-9e7d-8b040eaeece4;2026-09-22 11:14:43.9110
anonymous;Sample;58;0.0000;0.0000;0.0000;621acfc6-0c46-4724-9e7d-8b040eaeece4;2026-09-22 11:14:43.9440
anonymous;Sample;60;0.0000;0.0000;0.0000;621acfc6-0c46-4724-9e7d-8b040eaeece4;2026-09-22 11:14:43.9715
anonymous;Sample;62;0.0000;0.0000;0.0000;621acfc6-0c46-4724-9e7d-8b040eaeece4;2026-09-22 11:14:43.9967
anonymous;Sample;64;0.0000;0.0000;0.0000;621acfc6-0c46-4724-9e7d-8b040eaeece4;2026-09-22 11:14:44.0245
anonymous;Sample;66;0.0000;0.0000;0.0000;621acfc6-0c46-4724-9e7d-8b040eaeece4;2026-09-22 11:14:44.0512
anonymous;Sample;68;0.0000;0.0000;0.0000;621acfc6-0c46-4724-9e7d-8b040eaeece4;2026-09-22 11:14:44.0790
anonymous;Sample;70;0.0000;0.0000;0.0000;621acfc6-0c46-4724-9e7d-8b040eaeece4;2026-09-22 11:14:44.1058
anonymous;Sample;72;0.0000;0.0000;0.0000;621acfc6-0c46-4724-9e7d-8b040eaeece4;2026-09-22 11:14:44.1338
anonymous;Sample;74;0.0000;0.0000;0.0000;621acfc6-0c46-4724-9e7d-8b040eaeece4;2026-09-22 11:14:44.1615
anonymous;Sample;76;0.0000;0.0000;0.0000;621acfc6-0c46-4724-9e7d-8b040eaeece4;2026-09-22 11:14:44.1897
anonymous;Sample;78;0.0000;0.0000;0.0000;621acfc6-0c46-4724-9e7d-8b040eaeece4;2026-09-22 11:14:44.2166
anonymous;Sample;80;0.0000;0.0000;0.0000;621acfc6-0c46-4724-9e7d-8b040eaeece4;2026-09-22 11:14:44.2442
anonymous;Sample;82;0.0000;0.0000;0.0000;621acfc6-0c46-4724-9e7d-8b040eaeece4;2026-09-22 11:14:44.2716
anonymous;Sample;84;0.0000;0.0000;0.0000;621acfc6-0c46-4724-9e7d-8b040eaeece4;2026-09-22 11:14:44.2994
anonymous;Sample;86;0.0000;0.0000;0.0000;621acfc6-0c46-4724-9e7d-8b040eaeece4;2026-09-22 11:14:44.3278
anonymous;Sample;88;0.0000;0.0000;0.0000;621acfc6-0c46-4724-9e7d-8b040eaeece4;2026-09-22 11:14:44.3561
anonymous;Sample;90;0.0000;0.0000;0.0000;621acfc6-0c46-4724-9e7d-8b040eaeece4;2026-09-22 11:14:44.3826
anonymous;Sample;92;0.0000;0.0000;0.0000;621acfc6-0c46-4724-9e7d-8b040eaeece4;2026-09-22 11:14:44.4105
anonymous;Sample;94;0.0000;0.0000;0.0000;621acfc6-0c46-4724-9e7d-8b040eaeece4;2026-09-22 11:14:44.4396
anonymous;Sample;96;0.0000;0.0000;0.0000;621acfc6-0c46-4724-9e7d-8b040eaeece4;2026-09-22 11:14:44.4668
anonymous;Sample;98;0.0000;0.0000;0.0000;621acfc6-0c46-4724-9e7d-8b040eaeece4;2026-09-22 11:14:44.4947
anonymous;Sample;100;0.0000;0.0000;0.0000;621acfc6-0c46-4724-9e7d-8b040eaeece4;2026-09-22 11:14:44.5227
anonymous;Sample;102;0.0000;0.0000;0.0000;621acfc6-0c46-4724-9e7d-8b040eaeece4;2026-09-22 11:14:44.5494
anonymous;Sample;104;0.0000;0.0000;0.0000;621acfc6-0c46-4724-9e7d-8b040eaeece4;2026-09-22 11:14:44.5785
anonymous;Sample;106;0.0000;0.0000;0.0000;621acfc6-0c46-4724-9e7d-8b040eaeece4;2026-09-22 11:14:44.6061
anonymous;Sample;108;0.0000;0.0000;0.0000;621acfc6-0c46-4724-9e7d-8b040eaeece4;2026-09-22 11:14:44.6337
anonymous;Sample;110;0.0000;0.0000;0.0000;621acfc6-0c46-4724-9e7d-8b040eaeece4;2026-09-22 11:14:44.6613
anonymous;Sample;112;0.0000;0.0000;0.0000;621acfc6-0c46-4724-9e7d-8b040eaeece4;2026-09-22 11:14:44.6893
anonymous;Sample;114;0.0000;0.0000;0.0000;621acfc6-0c46-4724-9e7d-8b040eaeece4;2026-09-22 11:14:44.7174
anonymous;Sample;116;0.0000;0.0000;0.0000;621acfc6-0c46-4724-9e7d-8b040eaeece4;2026-09-22 11:14:44.7444
anonymous;Sample;118;0.0000;0.0000;0.0000;621acfc6-0c46-4724-9e7d-8b040eaeece4;2026-09-22 11:14:44.7734
anonymous;Sample;120;0.0000;0.0000;0.0000;621acfc6-0c46-4724-9e7d-8b040eaeece4;2026-09-22 11:14:44.8009
anonymous;Sample;122;0.0000;0.0000;0.0000;621acfc6-0c46-4724-9e7d-8b040eaeece4;2026-09-22 11:14:44.8293
anonymous;Sample;124;0.0000;0.0000;0.0000;621acfc6-0c46-4724-9e7d-8b040eaeece4;2026-09-22 11:14:44.8577
anonymous;Sample;126;0.0000;0.0000;0.0000;621acfc6-0c46-4724-9e7d-8b040eaeece4;2026-09-22 11:14:44.8847
anonymous;Sample;128;0.0000;0.0000;0.0000;621acfc6-0c46-4724-9e7d-8b040eaeece4;2026-09-22 11:14:44.9139
anonymous;Sample;130;0.0000;0.0000;0.0000;621acfc6-0c46-4724-9e7d-8b040eaeece4;2026-09-22 11:14:44.9420
anonymous;Sample;132;0.0000;0.0000;0.0000;621acfc6-0c46-4724-9e7d-8b040eaeece4;2026-09-22 11:14:44.9696
anonymous;Sample;134;0.0000;0.0000;0.0000;621acfc6-0c46-4724-9e7d-8b040eaeece4;2026-09-22 11:14:44.9975
anonymous;Sample;136;0.0000;0.0000;0.0000;621acfc6-0c46-4724-9e7d-8b040eaeece4;2026-09-22 11:14:45.0261
anonymous;Sample;138;0.0000;0.0000;0.0000;621acfc6-0c46-4724-9e7d-8b040eaeece4;2026-09-22 11:14:45.0539
anonymous;Sample;140;0.0000;0.0000;0.0000;621acfc6-0c46-4724-9e7d-8b040eaeece4;2026-09-22 11:14:45.0820
anonymous;Sample;142;0.0000;0.0000;0.0000;621acfc6-0c46-4724-9e7d-8b040eaeece4;2026-09-22 11:14:45.1101
anonymous;Sample;144;0.0000;0.0000;0.0000;621acfc6-0c46-4724-9e7d-8b040eaeece4;2026-09-22 11:14:45.1374
anonymous;Sample;146;0.0000;0.0000;0.0000;621acfc6-0c46-4724-9e7d-8b040eaeece4;2026-09-22 11:14:45.1657
anonymous;Sample;148;0.0000;0.0000;0.0000;621acfc6-0c46-4724-9e7d-8b040eaeece4;2026-09-22 11:14:45.1936
anonymous;Sample;150;0.0000;0.0000;0.0000;621acfc6-0c46-4724-9e7d-8b040eaeece4;2026-09-22 11:14:45.2203
anonymous;Sample;152;0.0000;0.0000;0.0000;621acfc6-0c46-4724-9e7d-8b040eaeece4;2026-09-22 11:14:45.2496
anonymous;Sample;154;0.0000;0.0000;0.0000;621acfc6-0c46-4724-9e7d-8b040eaeece4;2026-09-22 11:14:45.2770
anonymous;Sample;156;0.0000;0.0000;0.0000;621acfc6-0c46-4724-9e7d-8b040eaeece4;2026-09-22 11:14:45.3051
anonymous;Sample;158;0.0000;0.0000;0.0000;621acfc6-0c46-4724-9e7d-8b040eaeece4;2026-09-22 11:14:45.3329
anonymous;Sample;160;0.0000;0.0000;0.0000;621acfc6-0c46-4724-9e7d-8b040eaeece4;2026-09-22 11:14:45.3607
anonymous;Sample;162;0.0000;0.0000;0.0000;621acfc6-0c46-4724-9e7d-8b040eaeece4;2026-09-22 11:14:45.3883
anonymous;Sample;164;0.0000;0.0000;0.0000;621acfc6-0c46-4724-9e7d-8b040eaeece4;2026-09-22 11:14:45.4159
anonymous;Sample;166;0.0000;0.0000;0.0000;621acfc6-0c46-4724-9e7d-8b040eaeece4;2026-09-22 11:14:45.4440
anonymous;Sample;168;0.0000;0.0000;0.0000;621acfc6-0c46-4724-9e7d-8b040eaeece4;2026-09-22 11:14:45.4718
anonymous;Sample;170;0.0000;0.0000;0.0000;621acfc6-0c46-4724-9e7d-8b040eaeece4;2026-09-22 11:14:45.5000
anonymous;Sample;172;0.0000;0.0000;0.0000;621acfc6-0c46-4724-9e7d-8b040eaeece4;2026-09-22 11:14:45.5272
anonymous;Sample;174;0.0000;0.0000;0.0000;621acfc6-0c46-4724-9e7d-8b040eaeece4;2026-09-22 11:14:45.5553
anonymous;Sample;176;0.0000;0.0000;0.0000;621acfc6-0c46-4724-9e7d-8b040eaeece4;2026-09-22 11:14:45.5831
anonymous;Sample;178;0.0000;0.0000;0.0000;621acfc6-0c46-4724-9e7d-8b040eaeece4;2026-09-22 11:14:45.6100
anonymous;Sample;180;0.0000;0.0000;0.0000;621acfc6-0c46-4724-9e7d-8b040eaeece4;2026-09-22 11:14:45.6388
anonymous;Sample;182;0.0000;0.0000;0.0000;621acfc6-0c46-4724-9e7d-8b040eaeece4;2026-09-22 11:14:45.6652
anonymous;Sample;184;0.0000;0.0000;0.0000;621acfc6-0c46-4724-9e7d-8b040eaeece4;2026-09-22 11:14:45.6931
anonymous;Sample;186;0.0000;0.0000;0.0000;621acfc6-0c46-4724-9e7d-8b040eaeece4;2026-09-22 11:14:45.7222
anonymous;Sample;188;0.0000;0.0000;0.0000;621acfc6-0c46-4724-9e7d-8b040eaeece4;2026-09-22 11:14:45.7495
anonymous;Sample;190;0.0000;0.0000;0.0000;621acfc6-0c46-4724-9e7d-8b040eaeece4;2026-09-22 11:14:45.7771
anonymous;Sample;192;0.0000;0.0000;0.0000;621acfc6-0c46-4724-9e7d-8b040eaeece4;2026-09-22 11:14:45.8044
anonymous;Sample;194;0.0000;0.0000;0.0000;621acfc6-0c46-4724-9e7d-8b040eaeece4;2026-09-22 11:14:45.8330
anonymous;Sample;196;0.0000;0.0000;0.0000;621acfc6-0c46-4724-9e7d-8b040eaeece4;2026-09-22 11:14:45.8597
anonymous;Sample;198;0.0000;0.0000;0.0000;621acfc6-0c46-4724-9e7d-8b040eaeece4;2026-09-22 11:14:45.8878
anonymous;Sample;200;0.0000;0.0000;0.0000;621acfc6-0c46-4724-9e7d-8b040eaeece4;2026-09-22 11:14:45.9163
anonymous;Sample;202;0.0000;0.0000;0.0000;621acfc6-0c46-4724-9e7d-8b040eaeece4;2026-09-22 11:14:45.9439
anonymous;Sample;204;0.0000;0.0000;0.0000;621acfc6-0c46-4724-9e7d-8b040eaeece4;2026-09-22 11:14:45.9718
anonymous;Sample;206;0.0000;0.0000;0.0000;621acfc6-0c46-4724-9e7d-8b040eaeece4;2026-09-22 11:14:45.9993
anonymous;Sample;208;0.0000;0.0000;0.0000;621acfc6-0c46-4724-9e7d-8b040eaeece4;2026-09-22 11:14:46.0261
anonymous;Sample;210;0.0000;0.0000;0.0000;621acfc6-0c46-4724-9e7d-8b040eaeece4;2026-09-22 11:14:46.0545
anonymous;Sample;212;0.0000;0.0000;0.0000;621acfc6-0c46-4724-9e7d-8b040eaeece4;2026-09-22 11:14:46.0823
anonymous;Sample;214;0.0000;0.0000;0.0000;621acfc6-0c46-4724-9e7d-8b040eaeece4;2026-09-22 11:14:46.1110
anonymous;Sample;216;0.0000;0.0000;0.0000;621acfc6-0c46-4724-9e7d-8b040eaeece4;2026-09-22 11:14:46.1385
anonymous;Sample;218;0.0000;0.0000;0.0000;621acfc6-0c46-4724-9e7d-8b040eaeece4;2026-09-22 11:14:46.1660
anonymous;Sample;220;0.0000;0.0000;0.0000;621acfc6-0c46-4724-9e7d-8b040eaeece4;2026-09-22 11:14:46.1945
anonymous;Sample;222;0.0000;0.0000;0.0000;621acfc6-0c46-4724-9e7d-8b040eaeece4;2026-09-22 11:14:46.2215
anonymous;Sample;224;0.0000;0.0000;0.0000;621acfc6-0c46-4724-9e7d-8b040eaeece4;2026-09-22 11:14:46.2497
anonymous;Sample;226;0.0000;0.0000;0.0000;621acfc6-0c46-4724-9e7d-8b040eaeece4;2026-09-22 11:14:46.2771
anonymous;Sample;228;0.0000;0.0000;0.0000;621acfc6-0c46-4724-9e7d-8b040eaeece4;2026-09-22 11:14:46.3054
anonymous;Sample;230;0.0000;0.0000;0.0000;621acfc6-0c46-4724-9e7d-8b040eaeece4;2026-09-22 11:14:46.3327
anonymous;Sample;232;0.0000;0.0000;0.0000;621acfc6-0c46-4724-9e7d-8b040eaeece4;2026-09-22 11:14:46.3598
anonymous;Sample;234;0.0000;0.0000;0.0000;621acfc6-0c46-4724-9e7d-8b040eaeece4;2026-09-22 11:14:46.3888
anonymous;Sample;236;0.0000;0.0000;0.0000;621acfc6-0c46-4724-9e7d-8b040eaeece4;2026-09-22 11:14:46.4166
anonymous;Sample;238;0.0000;0.0000;0.0000;621acfc6-0c46-4724-9e7d-8b040eaeece4;2026-09-22 11:14:46.4433
anonymous;Sample;240;0.0000;0.0000;0.0000;621acfc6-0c46-4724-9e7d-8b040eaeece4;2026-09-22 11:14:46.4720
anonymous;Sample;242;0.0000;0.0000;0.0000;621acfc6-0c46-4724-9e7d-8b040eaeece4;2026-09-22 11:14:46.5001
anonymous;Sample;244;0.0000;0.0000;0.0000;621acfc6-0c46-4724-9e7d-8b040eaeece4;2026-09-22 11:14:46.5267
anonymous;Sample;246;0.0000;0.0000;0.0000;621acfc6-0c46-4724-9e7d-8b040eaeece4;2026-09-22 11:14:46.5543
anonymous;Sample;248;0.0000;0.0000;0.0000;621acfc6-0c46-4724-9e7d-8b040eaeece4;2026-09-22 11:14:46.5830
anonymous;Sample;250;0.0000;0.0000;0.0000;621acfc6-0c46-4724-9e7d-8b040eaeece4;2026-09-22 11:14:46.6096
anonymous;Sample;252;0.0000;0.0000;0.0000;621acfc6-0c46-4724-9e7d-8b040eaeece4;2026-09-22 11:14:46.6394
anonymous;Sample;254;0.0000;0.0000;0.0000;621acfc6-0c46-4724-9e7d-8b040eaeece4;2026-09-22 11:14:46.6669
anonymous;Sample;256;0.0000;0.0000;0.0000;621acfc6-0c46-4724-9e7d-8b040eaeece4;2026-09-22 11:14:46.6946
anonymous;Sample;258;0.0000;0.0000;0.0000;621acfc6-0c46-4724-9e7d-8b040eaeece4;2026-09-22 11:14:46.7226
anonymous;Sample;260;0.0000;0.0000;0.0000;621acfc6-0c46-4724-9e7d-8b040eaeece4;2026-09-22 11:14:46.7500
anonymous;Sample;262;0.0000;0.0000;0.0000;621acfc6-0c46-4724-9e7d-8b040eaeece4;2026-09-22 11:14:46.7779
anonymous;Sample;264;0.0000;0.0000;0.0000;621acfc6-0c46-4724-9e7d-8b040eaeece4;2026-09-22 11:14:46.8059
anonymous;Sample;266;0.0000;0.0000;0.0000;621acfc6-0c46-4724-9e7d-8b040eaeece4;2026-09-22 11:14:46.8321
anonymous;Sample;268;0.0000;0.0000;0.0000;621acfc6-0c46-4724-9e7d-8b040eaeece4;2026-09-22 11:14:46.8610
anonymous;Sample;270;0.0000;0.0000;0.0000;621acfc6-0c46-4724-9e7d-8b040eaeece4;2026-09-22 11:14:46.8887
anonymous;Sample;272;0.0000;0.0000;0.0000;621acfc6-0c46-4724-9e7d-8b040eaeece4;2026-09-22 11:14:46.9167
anonymous;Sample;274;0.0000;0.0000;0.0000;621acfc6-0c46-4724-9e7d-8b040eaeece4;2026-09-22 11:14:46.9441
anonymous;Sample;276;0.0000;0.0000;0.0000;621acfc6-0c46-4724-9e7d-8b040eaeece4;2026-09-22 11:14:46.9719
anonymous;Sample;278;0.0000;0.0000;0.0000;621acfc6-0c46-4724-9e7d-8b040eaeece4;2026-09-22 11:14:46.9995
anonymous;Sample;280;0.0000;0.0000;0.0000;621acfc6-0c46-4724-9e7d-8b040eaeece4;2026-09-22 11:14:47.0262
anonymous;Sample;282;0.0000;0.0000;0.0000;621acfc6-0c46-4724-9e7d-8b040eaeece4;2026-09-22 11:14:47.0553
anonymous;Sample;284;0.0000;0.0000;0.0000;621acfc6-0c46-4724-9e7d-8b040eaeece4;2026-09-22 11:14:47.0824
anonymous;Sample;286;0.0000;0.0000;0.0000;621acfc6-0c46-4724-9e7d-8b040eaeece4;2026-09-22 11:14:47.1099
anonymous;Sample;288;0.0000;0.0000;0.0000;621acfc6-0c46-4724-9e7d-8b040eaeece4;2026-09-22 11:14:47.1378
anonymous;Sample;290;0.0000;0.0000;0.0000;621acfc6-0c46-4724-9e7d-8b040eaeece4;2026-09-22 11:14:47.1660
anonymous;Sample;292;0.0000;0.0000;0.0000;621acfc6-0c46-4724-9e7d-8b040eaeece4;2026-09-22 11:14:47.1936
anonymous;Sample;294;0.0000;0.0000;0.0000;621acfc6-0c46-4724-9e7d-8b040eaeece4;2026-09-22 11:14:47.2211
anonymous;Sample;296;0.0000;0.0000;0.0000;621acfc6-0c46-4724-9e7d-8b040eaeece4;2026-09-22 11:14:47.2496
anonymous;Sample;298;0.0000;0.0000;0.0000;621acfc6-0c46-4724-9e7d-8b040eaeece4;2026-09-22 11:14:47.2766
anonymous;Sample;300;0.0000;0.0000;0.0000;621acfc6-0c46-4724-9e7d-8b040eaeece4;2026-09-22 11:14:47.3060
anonymous;Sample;302;0.0000;0.0000;0.0000;621acfc6-0c46-4724-9e7d-8b040eaeece4;2026-09-22 11:14:47.3327
anonymous;Sample;304;0.0000;0.0000;0.0000;621acfc6-0c46-4724-9e7d-8b040eaeece4;2026-09-22 11:14:47.3603
anonymous;Sample;306;0.0000;0.0000;0.0000;621acfc6-0c46-4724-9e7d-8b040eaeece4;2026-09-22 11:14:47.3879
anonymous;Sample;308;0.0000;0.0000;0.0000;621acfc6-0c46-4724-9e7d-8b040eaeece4;2026-09-22 11:14:47.4159
anonymous;Sample;310;0.0000;0.0000;0.0000;621acfc6-0c46-4724-9e7d-8b040eaeece4;2026-09-22 11:14:47.4435
anonymous;Sample;312;0.0000;0.0000;0.0000;621acfc6-0c46-4724-9e7d-8b040eaeece4;2026-09-22 11:14:47.4711
anonymous;Sample;314;0.0000;0.0000;0.0000;621acfc6-0c46-4724-9e7d-8b040eaeece4;2026-09-22 11:14:47.4996
anonymous;Sample;316;0.0000;0.0000;0.0000;621acfc6-0c46-4724-9e7d-8b040eaeece4;2026-09-22 11:14:47.5270
anonymous;Sample;318;0.0000;0.0000;0.0000;621acfc6-0c46-4724-9e7d-8b040eaeece4;2026-09-22 11:14:47.5547
anonymous;Sample;320;0.0000;0.0000;0.0000;621acfc6-0c46-4724-9e7d-8b040eaeece4;2026-09-22 11:14:47.5835
anonymous;Sample;322;0.0000;0.0000;0.0000;621acfc6-0c46-4724-9e7d-8b040eaeece4;2026-09-22 11:14:47.6110
anonymous;Sample;324;0.0000;0.0000;0.0000;621acfc6-0c46-4724-9e7d-8b040eaeece4;2026-09-22 11:14:47.6386
anonymous;Sample;326;0.0000;0.0000;0.0000;621acfc6-0c46-4724-9e7d-8b040eaeece4;2026-09-22 11:14:47.6664
anonymous;Sample;328;0.0000;0.0000;0.0000;621acfc6-0c46-4724-9e7d-8b040eaeece4;2026-09-22 11:14:47.6940
anonymous;Sample;330;0.0000;0.0000;0.0000;621acfc6-0c46-4724-9e7d-8b040eaeece4;2026-09-22 11:14:47.7215
anonymous;Sample;332;0.0000;0.0000;0.0000;621acfc6-0c46-4724-9e7d-8b040eaeece4;2026-09-22 11:14:47.7492
anonymous;Sample;334;0.0000;0.0000;0.0000;621acfc6-0c46-4724-9e7d-8b040eaeece4;2026-09-22 11:14:47.7779
anonymous;Sample;336;0.0000;0.0000;0.0000;621acfc6-0c46-4724-9e7d-8b040eaeece4;2026-09-22 11:14:47.8050
anonymous;Sample;338;0.0000;0.0000;0.0000;621acfc6-0c46-4724-9e7d-8b040eaeece4;2026-09-22 11:14:47.8335
anonymous;Sample;340;0.0000;0.0000;0.0000;621acfc6-0c46-4724-9e7d-8b040eaeece4;2026-09-22 11:14:47.8610
anonymous;Sample;342;0.0000;0.0000;0.0000;621acfc6-0c46-4724-9e7d-8b040eaeece4;2026-09-22 11:14:47.8886
anonymous;Sample;344;-0.1565;-0.0537;-0.0102;621acfc6-0c46-4724-9e7d-8b040eaeece4;2026-09-22 11:14:47.9169
anonymous;Sample;346;-0.2314;-0.0885;-0.0110;621acfc6-0c46-4724-9e7d-8b040eaeece4;2026-09-22 11:14:47.9446
anonymous;Sample;348;0.2305;0.0941;0.0216;621acfc6-0c46-4724-9e7d-8b040eaeece4;2026-09-22 11:14:47.9728
anonymous;Sample;350;0.2360;0.0786;0.0143;621acfc6-0c46-4724-9e7d-8b040eaeece4;2026-09-22 11:14:47.9997
anonymous;Sample;352;0.2445;0.0736;0.0035;621acfc6-0c46-4724-9e7d-8b040eaeece4;2026-09-22 11:14:48.0277
anonymous;Sample;354;0.2393;0.0740;0.0006;621acfc6-0c46-4724-9e7d-8b040eaeece4;2026-09-22 11:14:48.0555
anonymous;Sample;356;0.2408;0.0716;0.0101;621acfc6-0c46-4724-9e7d-8b040eaeece4;2026-09-22 11:14:48.0830
anonymous;Sample;358;0.2467;0.0661;0.0186;621acfc6-0c46-4724-9e7d-8b040eaeece4;2026-09-22 11:14:48.1111
anonymous;Sample;360;0.2409;0.0505;0.0152;621acfc6-0c46-4724-9e7d-8b040eaeece4;2026-09-22 11:14:48.1384
anonymous;Sample;362;0.2419;0.0514;0.0104;621acfc6-0c46-4724-9e7d-8b040eaeece4;2026-09-22 11:14:48.1664
anonymous;Sample;364;0.2398;0.0527;0.0043;621acfc6-0c46-4724-9e7d-8b040eaeece4;2026-09-22 11:14:48.1943
anonymous;Sample;366;0.2193;0.0497;0.0068;621acfc6-0c46-4724-9e7d-8b040eaeece4;2026-09-22 11:14:48.2220
anonymous;Sample;368;0.2131;0.0491;0.0025;621acfc6-0c46-4724-9e7d-8b040eaeece4;2026-09-22 11:14:48.2495
anonymous;Sample;370;0.2317;0.0388;-0.0261;621acfc6-0c46-4724-9e7d-8b040eaeece4;2026-09-22 11:14:48.2777
anonymous;Sample;372;0.2452;0.0143;-0.0692;621acfc6-0c46-4724-9e7d-8b040eaeece4;2026-09-22 11:14:48.3054
anonymous;Sample;374;0.2220;0.0103;-0.0873;621acfc6-0c46-4724-9e7d-8b040eaeece4;2026-09-22 11:14:48.3371
anonymous;Sample;376;0.1902;0.0011;-0.0886;621acfc6-0c46-4724-9e7d-8b040eaeece4;2026-09-22 11:14:48.3675
anonymous;Sample;378;0.1800;-0.0129;-0.1144;621acfc6-0c46-4724-9e7d-8b040eaeece4;2026-09-22 11:14:48.3891
anonymous;Sample;380;0.1658;-0.0279;-0.1252;621acfc6-0c46-4724-9e7d-8b040eaeece4;2026-09-22 11:14:48.4154
anonymous;Sample;382;0.1569;-0.0312;-0.1355;621acfc6-0c46-4724-9e7d-8b040eaeece4;2026-09-22 11:14:48.4445
anonymous;Sample;384;0.1290;-0.0151;-0.1302;621acfc6-0c46-4724-9e7d-8b040eaeece4;2026-09-22 11:14:48.4718
anonymous;Sample;386;0.1182;-0.0243;-0.1363;621acfc6-0c46-4724-9e7d-8b040eaeece4;2026-09-22 11:14:48.4999
anonymous;Sample;388;0.1258;-0.0262;-0.1236;621acfc6-0c46-4724-9e7d-8b040eaeece4;2026-09-22 11:14:48.5274
anonymous;Sample;390;0.1264;-0.0366;-0.1299;621acfc6-0c46-4724-9e7d-8b040eaeece4;2026-09-22 11:14:48.5544
anonymous;Sample;392;0.1066;-0.0232;-0.1252;621acfc6-0c46-4724-9e7d-8b040eaeece4;2026-09-22 11:14:48.5831
anonymous;Sample;394;0.0842;-0.0191;-0.0900;621acfc6-0c46-4724-9e7d-8b040eaeece4;2026-09-22 11:14:48.6100
anonymous;Sample;396;0.0931;-0.0334;-0.0725;621acfc6-0c46-4724-9e7d-8b040eaeece4;2026-09-22 11:14:48.6380
anonymous;Sample;398;0.0871;-0.0324;-0.0384;621acfc6-0c46-4724-9e7d-8b040eaeece4;2026-09-22 11:14:48.6670
anonymous;Sample;400;0.0525;-0.0012;0.0113;621acfc6-0c46-4724-9e7d-8b040eaeece4;2026-09-22 11:14:48.6938
anonymous;Sample;402;0.0370;0.0041;0.0368;621acfc6-0c46-4724-9e7d-8b040eaeece4;2026-09-22 11:14:48.7215
anonymous;Sample;404;0.0107;0.0261;0.0967;621acfc6-0c46-4724-9e7d-8b040eaeece4;2026-09-22 11:14:48.7500
anonymous;Sample;406;0.0059;0.0258;0.1089;621acfc6-0c46-4724-9e7d-8b040eaeece4;2026-09-22 11:14:48.7769
anonymous;Sample;408;0.0037;-0.0044;0.1081;621acfc6-0c46-4724-9e7d-8b040eaeece4;2026-09-22 11:14:48.8054
anonymous;Sample;410;0.0022;0.0007;0.1094;621acfc6-0c46-4724-9e7d-8b040eaeece4;2026-09-22 11:14:48.8335
anonymous;Sample;412;-0.0175;0.0193;0.1263;621acfc6-0c46-4724-9e7d-8b040eaeece4;2026-09-22 11:14:48.8610
anonymous;Sample;414;-0.0099;0.0160;0.1015;621acfc6-0c46-4724-9e7d-8b040eaeece4;2026-09-22 11:14:48.8886
anonymous;Sample;416;-0.0142;0.0074;0.0865;621acfc6-0c46-4724-9e7d-8b040eaeece4;2026-09-22 11:14:48.9167
anonymous;Sample;418;-0.0032;-0.0018;0.0562;621acfc6-0c46-4724-9e7d-8b040eaeece4;2026-09-22 11:14:48.9448
anonymous;Sample;420;0.0115;-0.0122;0.0250;621acfc6-0c46-4724-9e7d-8b040eaeece4;2026-09-22 11:14:48.9720
anonymous;Sample;422;0.0177;-0.0138;0.0098;621acfc6-0c46-4724-9e7d-8b040eaeece4;2026-09-22 11:14:48.9995
anonymous;Sample;424;0.0379;-0.0518;-0.0414;621acfc6-0c46-4724-9e7d-8b040eaeece4;2026-09-22 11:14:49.0272
anonymous;Sample;426;0.0535;-0.0771;-0.0511;621acfc6-0c46-4724-9e7d-8b040eaeece4;2026-09-22 11:14:49.0561
anonymous;Sample;428;0.0406;-0.0527;-0.0454;621acfc6-0c46-4724-9e7d-8b040eaeece4;2026-09-22 11:14:49.0829
anonymous;Sample;430;0.0484;-0.0621;-0.0665;621acfc6-0c46-4724-9e7d-8b040eaeece4;2026-09-22 11:14:49.1109
anonymous;Sample;432;0.0759;-0.1034;-0.1134;621acfc6-0c46-4724-9e7d-8b040eaeece4;2026-09-22 11:14:49.1394
anonymous;Sample;434;0.0824;-0.1101;-0.1213;621acfc6-0c46-4724-9e7d-8b040eaeece4;2026-09-22 11:14:49.1664
anonymous;Sample;436;0.0851;-0.1129;-0.1466;621acfc6-0c46-4724-9e7d-8b040eaeece4;2026-09-22 11:14:49.1947
anonymous;Sample;438;0.1077;-0.1491;-0.2052;621acfc6-0c46-4724-9e7d-8b040eaeece4;2026-09-22 11:14:49.2225
anonymous;Sample;440;0.1277;-0.1723;-0.2315;621acfc6-0c46-4724-9e7d-8b040eaeece4;2026-09-22 11:14:49.2506
anonymous;Sample;442;0.1099;-0.1414;-0.2230;621acfc6-0c46-4724-9e7d-8b040eaeece4;2026-09-22 11:14:49.2782
anonymous;Sample;444;0.1092;-0.1420;-0.2666;621acfc6-0c46-4724-9e7d-8b040eaeece4;2026-09-22 11:14:49.3057
anonymous;Sample;446;0.1271;-0.1720;-0.3264;621acfc6-0c46-4724-9e7d-8b040eaeece4;2026-09-22 11:14:49.3333
anonymous;Sample;448;0.1324;-0.1792;-0.3294;621acfc6-0c46-4724-9e7d-8b040eaeece4;2026-09-22 11:14:49.3603
anonymous;Sample;450;0.1452;-0.1845;-0.3782;621acfc6-0c46-4724-9e7d-8b040eaeece4;2026-09-22 11:14:49.3882
anonymous;Sample;452;0.1570;-0.2050;-0.4362;621acfc6-0c46-4724-9e7d-8b040eaeece4;2026-09-22 11:14:49.4158
anonymous;Sample;454;0.1716;-0.2187;-0.4598;621acfc6-0c46-4724-9e7d-8b040eaeece4;2026-09-22 11:14:49.4450
anonymous;Sample;456;0.1926;-0.2217;-0.4972;621acfc6-0c46-4724-9e7d-8b040eaeece4;2026-09-22 11:14:49.4725
anonymous;Sample;458;0.1921;-0.2218;-0.5178;621acfc6-0c46-4724-9e7d-8b040eaeece4;2026-09-22 11:14:49.5001
anonymous;Sample;460;0.1929;-0.2209;-0.5281;621acfc6-0c46-4724-9e7d-8b040eaeece4;2026-09-22 11:14:49.5283
anonymous;Sample;462;0.2071;-0.2113;-0.5390;621acfc6-0c46-4724-9e7d-8b040eaeece4;2026-09-22 11:14:49.5559
anonymous;Sample;464;0.2170;-0.2093;-0.5671;621acfc6-0c46-4724-9e7d-8b040eaeece4;2026-09-22 11:14:49.5842
anonymous;Sample;466;0.2127;-0.2243;-0.5804;621acfc6-0c46-4724-9e7d-8b040eaeece4;2026-09-22 11:14:49.6111
anonymous;Sample;468;0.2172;-0.2228;-0.5841;621acfc6-0c46-4724-9e7d-8b040eaeece4;2026-09-22 11:14:49.6390
anonymous;Sample;470;0.2180;-0.2205;-0.6041;621acfc6-0c46-4724-9e7d-8b040eaeece4;2026-09-22 11:14:49.6665
anonymous;Sample;472;0.2215;-0.2293;-0.6211;621acfc6-0c46-4724-9e7d-8b040eaeece4;2026-09-22 11:14:49.6946
anonymous;Sample;474;0.2278;-0.2361;-0.6354;621acfc6-0c46-4724-9e7d-8b040eaeece4;2026-09-22 11:14:49.7225
anonymous;Sample;476;0.2428;-0.2350;-0.6628;621acfc6-0c46-4724-9e7d-8b040eaeece4;2026-09-22 11:14:49.7500
anonymous;Sample;478;0.2413;-0.2363;-0.6633;621acfc6-0c46-4724-9e7d-8b040eaeece4;2026-09-22 11:14:49.7782
anonymous;Sample;480;0.2468;-0.2381;-0.6754;621acfc6-0c46-4724-9e7d-8b040eaeece4;2026-09-22 11:14:49.8059
anonymous;Sample;482;0.2535;-0.2386;-0.6885;621acfc6-0c46-4724-9e7d-8b040eaeece4;2026-09-22 11:14:49.8320
anonymous;Sample;484;0.2522;-0.2350;-0.6939;621acfc6-0c46-4724-9e7d-8b040eaeece4;2026-09-22 11:14:49.8614
anonymous;Sample;486;0.2462;-0.2325;-0.6917;621acfc6-0c46-4724-9e7d-8b040eaeece4;2026-09-22 11:14:49.8878
anonymous;Sample;488;0.2451;-0.2278;-0.6948;621acfc6-0c46-4724-9e7d-8b040eaeece4;2026-09-22 11:14:49.9172
anonymous;Sample;490;0.2471;-0.2297;-0.7055;621acfc6-0c46-4724-9e7d-8b040eaeece4;2026-09-22 11:14:49.9450
anonymous;Sample;492;0.2446;-0.2303;-0.7079;621acfc6-0c46-4724-9e7d-8b040eaeece4;2026-09-22 11:14:49.9715
anonymous;Sample;494;0.2433;-0.2264;-0.6990;621acfc6-0c46-4724-9e7d-8b040eaeece4;2026-09-22 11:14:49.9996
anonymous;Sample;496;0.2461;-0.2231;-0.7073;621acfc6-0c46-4724-9e7d-8b040eaeece4;2026-09-22 11:14:50.0267
anonymous;Sample;498;0.2481;-0.2225;-0.7131;621acfc6-0c46-4724-9e7d-8b040eaeece4;2026-09-22 11:14:50.0560
anonymous;Sample;500;0.2514;-0.2265;-0.7200;621acfc6-0c46-4724-9e7d-8b040eaeece4;2026-09-22 11:14:50.0835
anonymous;Sample;502;0.2482;-0.2249;-0.7152;621acfc6-0c46-4724-9e7d-8b040eaeece4;2026-09-22 11:14:50.1117
anonymous;Sample;504;0.2487;-0.2251;-0.7155;621acfc6-0c46-4724-9e7d-8b040eaeece4;2026-09-22 11:14:50.1394
anonymous;Sample;506;0.2524;-0.2290;-0.7223;621acfc6-0c46-4724-9e7d-8b040eaeece4;2026-09-22 11:14:50.1659
anonymous;Sample;508;0.2508;-0.2290;-0.7221;621acfc6-0c46-4724-9e7d-8b040eaeece4;2026-09-22 11:14:50.1952
anonymous;Sample;510;0.2500;-0.2279;-0.7184;621acfc6-0c46-4724-9e7d-8b040eaeece4;2026-09-22 11:14:50.2227
anonymous;Sample;512;0.2512;-0.2272;-0.7199;621acfc6-0c46-4724-9e7d-8b040eaeece4;2026-09-22 11:14:50.2509
anonymous;Sample;514;0.2515;-0.2256;-0.7228;621acfc6-0c46-4724-9e7d-8b040eaeece4;2026-09-22 11:14:50.2775
anonymous;Sample;516;0.2510;-0.2261;-0.7281;621acfc6-0c46-4724-9e7d-8b040eaeece4;2026-09-22 11:14:50.3059
anonymous;Sample;518;0.2523;-0.2272;-0.7258;621acfc6-0c46-4724-9e7d-8b040eaeece4;2026-09-22 11:14:50.3342
anonymous;Sample;520;0.2524;-0.2271;-0.7259;621acfc6-0c46-4724-9e7d-8b040eaeece4;2026-09-22 11:14:50.3622
anonymous;Sample;522;0.2524;-0.2280;-0.7290;621acfc6-0c46-4724-9e7d-8b040eaeece4;2026-09-22 11:14:50.3878
anonymous;Sample;524;0.2526;-0.2294;-0.7316;621acfc6-0c46-4724-9e7d-8b040eaeece4;2026-09-22 11:14:50.4161
anonymous;Sample;526;0.2522;-0.2295;-0.7317;621acfc6-0c46-4724-9e7d-8b040eaeece4;2026-09-22 11:14:50.4450
anonymous;Sample;528;0.2509;-0.2281;-0.7340;621acfc6-0c46-4724-9e7d-8b040eaeece4;2026-09-22 11:14:50.4717
anonymous;Sample;530;0.2515;-0.2263;-0.7337;621acfc6-0c46-4724-9e7d-8b040eaeece4;2026-09-22 11:14:50.5001
anonymous;Sample;532;0.2528;-0.2260;-0.7353;621acfc6-0c46-4724-9e7d-8b040eaeece4;2026-09-22 11:14:50.5271
anonymous;Sample;534;0.2555;-0.2268;-0.7387;621acfc6-0c46-4724-9e7d-8b040eaeece4;2026-09-22 11:14:50.5561
anonymous;Sample;536;0.2533;-0.2262;-0.7390;621acfc6-0c46-4724-9e7d-8b040eaeece4;2026-09-22 11:14:50.5827
anonymous;Sample;538;0.2545;-0.2243;-0.7440;621acfc6-0c46-4724-9e7d-8b040eaeece4;2026-09-22 11:14:50.6110
anonymous;Sample;540;0.2546;-0.2226;-0.7444;621acfc6-0c46-4724-9e7d-8b040eaeece4;2026-09-22 11:14:50.6395
anonymous;Sample;542;0.2556;-0.2203;-0.7463;621acfc6-0c46-4724-9e7d-8b040eaeece4;2026-09-22 11:14:50.6665
anonymous;Sample;544;0.2557;-0.2209;-0.7463;621acfc6-0c46-4724-9e7d-8b040eaeece4;2026-09-22 11:14:50.6941
anonymous;Sample;546;0.2590;-0.2204;-0.7484;621acfc6-0c46-4724-9e7d-8b040eaeece4;2026-09-22 11:14:50.7219
anonymous;Sample;548;0.2566;-0.2194;-0.7470;621acfc6-0c46-4724-9e7d-8b040eaeece4;2026-09-22 11:14:50.7496
anonymous;Sample;550;0.2570;-0.2186;-0.7500;621acfc6-0c46-4724-9e7d-8b040eaeece4;2026-09-22 11:14:50.7777
anonymous;Sample;552;0.2574;-0.2179;-0.7526;621acfc6-0c46-4724-9e7d-8b040eaeece4;2026-09-22 11:14:50.8049
anonymous;Sample;554;0.2573;-0.2162;-0.7547;621acfc6-0c46-4724-9e7d-8b040eaeece4;2026-09-22 11:14:50.8340
anonymous;Sample;556;0.2573;-0.2160;-0.7553;621acfc6-0c46-4724-9e7d-8b040eaeece4;2026-09-22 11:14:50.8610
anonymous;Sample;558;0.2579;-0.2166;-0.7545;621acfc6-0c46-4724-9e7d-8b040eaeece4;2026-09-22 11:14:50.8892
anonymous;Sample;560;0.2589;-0.2173;-0.7556;621acfc6-0c46-4724-9e7d-8b040eaeece4;2026-09-22 11:14:50.9172
anonymous;Sample;562;0.2591;-0.2169;-0.7617;621acfc6-0c46-4724-9e7d-8b040eaeece4;2026-09-22 11:14:50.9447
anonymous;Sample;564;0.2599;-0.2169;-0.7599;621acfc6-0c46-4724-9e7d-8b040eaeece4;2026-09-22 11:14:50.9724
anonymous;Sample;566;0.2607;-0.2169;-0.7601;621acfc6-0c46-4724-9e7d-8b040eaeece4;2026-09-22 11:14:51.0001
anonymous;Sample;568;0.2611;-0.2167;-0.7663;621acfc6-0c46-4724-9e7d-8b040eaeece4;2026-09-22 11:14:51.0282
anonymous;Sample;570;0.2615;-0.2167;-0.7705;621acfc6-0c46-4724-9e7d-8b040eaeece4;2026-09-22 11:14:51.0549
anonymous;Sample;573;0.2637;-0.2153;-0.7698;621acfc6-0c46-4724-9e7d-8b040eaeece4;2026-09-22 11:14:51.0834
anonymous;Sample;575;0.2635;-0.2142;-0.7691;621acfc6-0c46-4724-9e7d-8b040eaeece4;2026-09-22 11:14:51.1108
anonymous;Sample;577;0.2647;-0.2120;-0.7734;621acfc6-0c46-4724-9e7d-8b040eaeece4;2026-09-22 11:14:51.1395
anonymous;Sample;579;0.2664;-0.2109;-0.7757;621acfc6-0c46-4724-9e7d-8b040eaeece4;2026-09-22 11:14:51.1669
anonymous;Sample;581;0.2666;-0.2121;-0.7746;621acfc6-0c46-4724-9e7d-8b040eaeece4;2026-09-22 11:14:51.1948
anonymous;Sample;583;0.2679;-0.2114;-0.7778;621acfc6-0c46-4724-9e7d-8b040eaeece4;2026-09-22 11:14:51.2222
anonymous;Sample;585;0.2674;-0.2106;-0.7819;621acfc6-0c46-4724-9e7d-8b040eaeece4;2026-09-22 11:14:51.2498
anonymous;Sample;587;0.2695;-0.2103;-0.7837;621acfc6-0c46-4724-9e7d-8b040eaeece4;2026-09-22 11:14:51.2775
anonymous;Sample;589;0.2681;-0.2097;-0.7843;621acfc6-0c46-4724-9e7d-8b040eaeece4;2026-09-22 11:14:51.3051
anonymous;Sample;591;0.2693;-0.2071;-0.7886;621acfc6-0c46-4724-9e7d-8b040eaeece4;2026-09-22 11:14:51.3327
anonymous;Sample;593;0.2710;-0.2081;-0.7866;621acfc6-0c46-4724-9e7d-8b040eaeece4;2026-09-22 11:14:51.3612
anonymous;Sample;595;0.2712;-0.2078;-0.7879;621acfc6-0c46-4724-9e7d-8b040eaeece4;2026-09-22 11:14:51.3892
anonymous;Sample;597;0.2715;-0.2084;-0.7923;621acfc6-0c46-4724-9e7d-8b040eaeece4;2026-09-22 11:14:51.4168
anonymous;Sample;599;0.2720;-0.2086;-0.7941;621acfc6-0c46-4724-9e7d-8b040eaeece4;2026-09-22 11:14:51.4445
anonymous;Sample;601;0.2728;-0.2085;-0.7945;621acfc6-0c46-4724-9e7d-8b040eaeece4;2026-09-22 11:14:51.4720
anonymous;Sample;603;0.2729;-0.2068;-0.7962;621acfc6-0c46-4724-9e7d-8b040eaeece4;2026-09-22 11:14:51.5002
anonymous;Sample;605;0.2725;-0.2065;-0.7976;621acfc6-0c46-4724-9e7d-8b040eaeece4;2026-09-22 11:14:51.5283
anonymous;Sample;607;0.2735;-0.2065;-0.8008;621acfc6-0c46-4724-9e7d-8b040eaeece4;2026-09-22 11:14:51.5559
anonymous;Sample;609;0.2741;-0.2076;-0.8011;621acfc6-0c46-4724-9e7d-8b040eaeece4;2026-09-22 11:14:51.5835
anonymous;Sample;611;0.2762;-0.2133;-0.8064;621acfc6-0c46-4724-9e7d-8b040eaeece4;2026-09-22 11:14:51.6110
anonymous;Sample;613;0.2791;-0.2150;-0.8116;621acfc6-0c46-4724-9e7d-8b040eaeece4;2026-09-22 11:14:51.6391
anonymous;Sample;615;0.2830;-0.2097;-0.8113;621acfc6-0c46-4724-9e7d-8b040eaeece4;2026-09-22 11:14:51.6669
anonymous;Sample;617;0.2803;-0.2054;-0.8086;621acfc6-0c46-4724-9e7d-8b040eaeece4;2026-09-22 11:14:51.6947
anonymous;Sample;619;0.2802;-0.2031;-0.8115;621acfc6-0c46-4724-9e7d-8b040eaeece4;2026-09-22 11:14:51.7227
anonymous;Sample;621;0.2855;-0.2078;-0.8149;621acfc6-0c46-4724-9e7d-8b040eaeece4;2026-09-22 11:14:51.7497
anonymous;Sample;623;0.2889;-0.2150;-0.8168;621acfc6-0c46-4724-9e7d-8b040eaeece4;2026-09-22 11:14:51.7779
anonymous;Sample;625;0.2921;-0.2169;-0.8224;621acfc6-0c46-4724-9e7d-8b040eaeece4;2026-09-22 11:14:51.8052
anonymous;Sample;627;0.2912;-0.2150;-0.8219;621acfc6-0c46-4724-9e7d-8b040eaeece4;2026-09-22 11:14:51.8322
anonymous;Sample;629;0.2912;-0.2119;-0.8199;621acfc6-0c46-4724-9e7d-8b040eaeece4;2026-09-22 11:14:51.8608
anonymous;Sample;631;0.2918;-0.2106;-0.8224;621acfc6-0c46-4724-9e7d-8b040eaeece4;2026-09-22 11:14:51.8876
anonymous;Sample;633;0.2932;-0.2101;-0.8267;621acfc6-0c46-4724-9e7d-8b040eaeece4;2026-09-22 11:14:51.9170
anonymous;Sample;635;0.2953;-0.2097;-0.8272;621acfc6-0c46-4724-9e7d-8b040eaeece4;2026-09-22 11:14:51.9444
anonymous;Sample;637;0.2947;-0.2102;-0.8244;621acfc6-0c46-4724-9e7d-8b040eaeece4;2026-09-22 11:14:51.9719
anonymous;Sample;639;0.2943;-0.2098;-0.8237;621acfc6-0c46-4724-9e7d-8b040eaeece4;2026-09-22 11:14:52.0000
anonymous;Sample;641;0.2935;-0.2090;-0.8245;621acfc6-0c46-4724-9e7d-8b040eaeece4;2026-09-22 11:14:52.0266
anonymous;Sample;643;0.2936;-0.2088;-0.8257;621acfc6-0c46-4724-9e7d-8b040eaeece4;2026-09-22 11:14:52.0559
anonymous;Sample;645;0.2953;-0.2105;-0.8266;621acfc6-0c46-4724-9e7d-8b040eaeece4;2026-09-22 11:14:52.0832
anonymous;Sample;647;0.2964;-0.2120;-0.8263;621acfc6-0c46-4724-9e7d-8b040eaeece4;2026-09-22 11:14:52.1102
anonymous;Sample;649;0.2952;-0.2108;-0.8262;621acfc6-0c46-4724-9e7d-8b040eaeece4;2026-09-22 11:14:52.1389
anonymous;Sample;651;0.2931;-0.2081;-0.8244;621acfc6-0c46-4724-9e7d-8b040eaeece4;2026-09-22 11:14:52.1664
anonymous;Sample;653;0.2945;-0.2092;-0.8248;621acfc6-0c46-4724-9e7d-8b040eaeece4;2026-09-22 11:14:52.1950
anonymous;Sample;655;0.2955;-0.2100;-0.8244;621acfc6-0c46-4724-9e7d-8b040eaeece4;2026-09-22 11:14:52.2213
anonymous;Sample;657;0.2956;-0.2098;-0.8244;621acfc6-0c46-4724-9e7d-8b040eaeece4;2026-09-22 11:14:52.2502
anonymous;Sample;659;0.2961;-0.2079;-0.8245;621acfc6-0c46-4724-9e7d-8b040eaeece4;2026-09-22 11:14:52.2767
anonymous;Sample;661;0.2971;-0.2063;-0.8240;621acfc6-0c46-4724-9e7d-8b040eaeece4;2026-09-22 11:14:52.3054
anonymous;Sample;663;0.2978;-0.2059;-0.8241;621acfc6-0c46-4724-9e7d-8b040eaeece4;2026-09-22 11:14:52.3330
anonymous;Sample;665;0.2979;-0.2060;-0.8262;621acfc6-0c46-4724-9e7d-8b040eaeece4;2026-09-22 11:14:52.3611
anonymous;Sample;667;0.2980;-0.2048;-0.8266;621acfc6-0c46-4724-9e7d-8b040eaeece4;2026-09-22 11:14:52.3892
anonymous;Sample;669;0.2983;-0.2042;-0.8260;621acfc6-0c46-4724-9e7d-8b040eaeece4;2026-09-22 11:14:52.4173
anonymous;Sample;671;0.2986;-0.2044;-0.8260;621acfc6-0c46-4724-9e7d-8b040eaeece4;2026-09-22 11:14:52.4446
anonymous;Sample;673;0.2982;-0.2049;-0.8276;621acfc6-0c46-4724-9e7d-8b040eaeece4;2026-09-22 11:14:52.4726
anonymous;Sample;675;0.2984;-0.2044;-0.8274;621acfc6-0c46-4724-9e7d-8b040eaeece4;2026-09-22 11:14:52.5003
anonymous;Sample;677;0.2991;-0.2040;-0.8272;621acfc6-0c46-4724-9e7d-8b040eaeece4;2026-09-22 11:14:52.5269
anonymous;Sample;679;0.2995;-0.2042;-0.8278;621acfc6-0c46-4724-9e7d-8b040eaeece4;2026-09-22 11:14:52.5560
anonymous;Sample;681;0.2992;-0.2039;-0.8283;621acfc6-0c46-4724-9e7d-8b040eaeece4;2026-09-22 11:14:52.5837
anonymous;Sample;683;0.2993;-0.2032;-0.8285;621acfc6-0c46-4724-9e7d-8b040eaeece4;2026-09-22 11:14:52.6098
anonymous;Sample;685;0.2994;-0.2032;-0.8287;621acfc6-0c46-4724-9e7d-8b040eaeece4;2026-09-22 11:14:52.6378
anonymous;Sample;687;0.2986;-0.2036;-0.8295;621acfc6-0c46-4724-9e7d-8b040eaeece4;2026-09-22 11:14:52.6658
anonymous;Sample;689;0.2987;-0.2034;-0.8295;621acfc6-0c46-4724-9e7d-8b040eaeece4;2026-09-22 11:14:52.6945
anonymous;Sample;691;0.2983;-0.2031;-0.8297;621acfc6-0c46-4724-9e7d-8b040eaeece4;2026-09-22 11:14:52.7225
anonymous;Sample;693;0.2980;-0.2030;-0.8299;621acfc6-0c46-4724-9e7d-8b040eaeece4;2026-09-22 11:14:52.7499
anonymous;Sample;695;0.2980;-0.2035;-0.8310;621acfc6-0c46-4724-9e7d-8b040eaeece4;2026-09-22 11:14:52.7775
anonymous;Sample;697;0.2978;-0.2033;-0.8308;621acfc6-0c46-4724-9e7d-8b040eaeece4;2026-09-22 11:14:52.8051
anonymous;Sample;699;0.2979;-0.2030;-0.8309;621acfc6-0c46-4724-9e7d-8b040eaeece4;2026-09-22 11:14:52.8331
anonymous;Sample;701;0.2978;-0.2024;-0.8313;621acfc6-0c46-4724-9e7d-8b040eaeece4;2026-09-22 11:14:52.8612
anonymous;Sample;703;0.2978;-0.2017;-0.8318;621acfc6-0c46-4724-9e7d-8b040eaeece4;2026-09-22 11:14:52.8879
anonymous;Sample;705;0.2980;-0.2018;-0.8316;621acfc6-0c46-4724-9e7d-8b040eaeece4;2026-09-22 11:14:52.9163
anonymous;Sample;707;0.2983;-0.2019;-0.8315;621acfc6-0c46-4724-9e7d-8b040eaeece4;2026-09-22 11:14:52.9438
anonymous;Sample;709;0.2981;-0.2016;-0.8317;621acfc6-0c46-4724-9e7d-8b040eaeece4;2026-09-22 11:14:52.9724
anonymous;Sample;711;0.2982;-0.2006;-0.8318;621acfc6-0c46-4724-9e7d-8b040eaeece4;2026-09-22 11:14:52.9995
anonymous;Sample;713;0.2990;-0.2004;-0.8315;621acfc6-0c46-4724-9e7d-8b040eaeece4;2026-09-22 11:14:53.0275
anonymous;Sample;715;0.2993;-0.2014;-0.8321;621acfc6-0c46-4724-9e7d-8b040eaeece4;2026-09-22 11:14:53.0550
anonymous;Sample;717;0.2989;-0.2008;-0.8324;621acfc6-0c46-4724-9e7d-8b040eaeece4;2026-09-22 11:14:53.0843
anonymous;Sample;718;0.2991;-0.2002;-0.8323;621acfc6-0c46-4724-9e7d-8b040eaeece4;2026-09-22 11:14:53.0985
anonymous;Sample;721;0.2994;-0.1999;-0.8321;621acfc6-0c46-4724-9e7d-8b040eaeece4;2026-09-22 11:14:53.1393
anonymous;Sample;723;0.2995;-0.2014;-0.8331;621acfc6-0c46-4724-9e7d-8b040eaeece4;2026-09-22 11:14:53.1666
anonymous;Sample;725;0.2992;-0.2015;-0.8333;621acfc6-0c46-4724-9e7d-8b040eaeece4;2026-09-22 11:14:53.1947
anonymous;Sample;727;0.2997;-0.2010;-0.8325;621acfc6-0c46-4724-9e7d-8b040eaeece4;2026-09-22 11:14:53.2213
anonymous;Sample;729;0.2997;-0.2002;-0.8316;621acfc6-0c46-4724-9e7d-8b040eaeece4;2026-09-22 11:14:53.2495
anonymous;Sample;731;0.2994;-0.2012;-0.8332;621acfc6-0c46-4724-9e7d-8b040eaeece4;2026-09-22 11:14:53.2766
anonymous;Sample;733;0.2995;-0.2015;-0.8334;621acfc6-0c46-4724-9e7d-8b040eaeece4;2026-09-22 11:14:53.3052
anonymous;Sample;735;0.2999;-0.2010;-0.8323;621acfc6-0c46-4724-9e7d-8b040eaeece4;2026-09-22 11:14:53.3322
anonymous;Sample;737;0.3008;-0.2004;-0.8319;621acfc6-0c46-4724-9e7d-8b040eaeece4;2026-09-22 11:14:53.3603
anonymous;Sample;739;0.3008;-0.1995;-0.8308;621acfc6-0c46-4724-9e7d-8b040eaeece4;2026-09-22 11:14:53.3880
anonymous;Sample;741;0.3001;-0.1999;-0.8292;621acfc6-0c46-4724-9e7d-8b040eaeece4;2026-09-22 11:14:53.4172
anonymous;Sample;743;0.2991;-0.2009;-0.8245;621acfc6-0c46-4724-9e7d-8b040eaeece4;2026-09-22 11:14:53.4439
anonymous;Sample;745;0.2994;-0.2029;-0.8173;621acfc6-0c46-4724-9e7d-8b040eaeece4;2026-09-22 11:14:53.4723
anonymous;Sample;747;0.2972;-0.2052;-0.8096;621acfc6-0c46-4724-9e7d-8b040eaeece4;2026-09-22 11:14:53.4995
anonymous;Sample;749;0.2997;-0.2041;-0.8132;621acfc6-0c46-4724-9e7d-8b040eaeece4;2026-09-22 11:14:53.5275
anonymous;Sample;751;0.2991;-0.2047;-0.8141;621acfc6-0c46-4724-9e7d-8b040eaeece4;2026-09-22 11:14:53.5553
anonymous;Sample;753;0.2988;-0.2049;-0.8121;621acfc6-0c46-4724-9e7d-8b040eaeece4;2026-09-22 11:14:53.5815
anonymous;Sample;755;0.3000;-0.2049;-0.8131;621acfc6-0c46-4724-9e7d-8b040eaeece4;2026-09-22 11:14:53.6094
anonymous;Sample;757;0.3001;-0.2049;-0.8132;621acfc6-0c46-4724-9e7d-8b040eaeece4;2026-09-22 11:14:53.6382
anonymous;Sample;759;0.2992;-0.2046;-0.8135;621acfc6-0c46-4724-9e7d-8b040eaeece4;2026-09-22 11:14:53.6650
anonymous;Sample;761;0.2993;-0.2046;-0.8147;621acfc6-0c46-4724-9e7d-8b040eaeece4;2026-09-22 11:14:53.6936
anonymous;Sample;763;0.2991;-0.2045;-0.8146;621acfc6-0c46-4724-9e7d-8b040eaeece4;2026-09-22 11:14:53.7211
anonymous;Sample;765;0.2976;-0.2040;-0.8147;621acfc6-0c46-4724-9e7d-8b040eaeece4;2026-09-22 11:14:53.7486
anonymous;Sample;767;0.2959;-0.2036;-0.8140;621acfc6-0c46-4724-9e7d-8b040eaeece4;2026-09-22 11:14:53.7762
anonymous;Sample;769;0.2935;-0.2042;-0.8115;621acfc6-0c46-4724-9e7d-8b040eaeece4;2026-09-22 11:14:53.8044
anonymous;Sample;771;0.2945;-0.2039;-0.8115;621acfc6-0c46-4724-9e7d-8b040eaeece4;2026-09-22 11:14:53.8320
anonymous;Sample;773;0.2903;-0.2044;-0.8049;621acfc6-0c46-4724-9e7d-8b040eaeece4;2026-09-22 11:14:53.8604
anonymous;Sample;775;0.2912;-0.2047;-0.8066;621acfc6-0c46-4724-9e7d-8b040eaeece4;2026-09-22 11:14:53.8875
anonymous;Sample;777;0.2925;-0.2046;-0.8071;621acfc6-0c46-4724-9e7d-8b040eaeece4;2026-09-22 11:14:53.9158
anonymous;Sample;779;0.2925;-0.2048;-0.8071;621acfc6-0c46-4724-9e7d-8b040eaeece4;2026-09-22 11:14:53.9439
anonymous;Sample;781;0.2928;-0.2045;-0.8069;621acfc6-0c46-4724-9e7d-8b040eaeece4;2026-09-22 11:14:53.9703
anonymous;Sample;783;0.2931;-0.2042;-0.8069;621acfc6-0c46-4724-9e7d-8b040eaeece4;2026-09-22 11:14:53.9993
anonymous;Sample;785;0.2935;-0.2044;-0.8076;621acfc6-0c46-4724-9e7d-8b040eaeece4;2026-09-22 11:14:54.0268
anonymous;Sample;787;0.2931;-0.2040;-0.8077;621acfc6-0c46-4724-9e7d-8b040eaeece4;2026-09-22 11:14:54.0548
anonymous;Sample;789;0.2928;-0.2032;-0.8085;621acfc6-0c46-4724-9e7d-8b040eaeece4;2026-09-22 11:14:54.0826
anonymous;Sample;791;0.2941;-0.2031;-0.8095;621acfc6-0c46-4724-9e7d-8b040eaeece4;2026-09-22 11:14:54.1100
anonymous;Sample;793;0.2934;-0.2031;-0.8101;621acfc6-0c46-4724-9e7d-8b040eaeece4;2026-09-22 11:14:54.1370
anonymous;Sample;795;0.2929;-0.2035;-0.8128;621acfc6-0c46-4724-9e7d-8b040eaeece4;2026-09-22 11:14:54.1659
anonymous;Sample;797;0.2935;-0.2020;-0.8127;621acfc6-0c46-4724-9e7d-8b040eaeece4;2026-09-22 11:14:54.1956
anonymous;Sample;799;0.2940;-0.2006;-0.8125;621acfc6-0c46-4724-9e7d-8b040eaeece4;2026-09-22 11:14:54.2225
anonymous;Sample;801;0.2943;-0.2001;-0.8129;621acfc6-0c46-4724-9e7d-8b040eaeece4;2026-09-22 11:14:54.2499
anonymous;Sample;803;0.2949;-0.1997;-0.8141;621acfc6-0c46-4724-9e7d-8b040eaeece4;2026-09-22 11:14:54.2777
anonymous;Sample;805;0.2952;-0.1986;-0.8140;621acfc6-0c46-4724-9e7d-8b040eaeece4;2026-09-22 11:14:54.3048
anonymous;Sample;807;0.2956;-0.1979;-0.8142;621acfc6-0c46-4724-9e7d-8b040eaeece4;2026-09-22 11:14:54.3329
anonymous;Sample;809;0.2963;-0.1972;-0.8163;621acfc6-0c46-4724-9e7d-8b040eaeece4;2026-09-22 11:14:54.3606
anonymous;Sample;811;0.2957;-0.1963;-0.8167;621acfc6-0c46-4724-9e7d-8b040eaeece4;2026-09-22 11:14:54.3882
anonymous;Sample;813;0.2962;-0.1955;-0.8176;621acfc6-0c46-4724-9e7d-8b040eaeece4;2026-09-22 11:14:54.4149
anonymous;Sample;815;0.2975;-0.1943;-0.8192;621acfc6-0c46-4724-9e7d-8b040eaeece4;2026-09-22 11:14:54.4442
anonymous;Sample;817;0.2988;-0.1957;-0.8228;621acfc6-0c46-4724-9e7d-8b040eaeece4;2026-09-22 11:14:54.4718
anonymous;Sample;819;0.2995;-0.1987;-0.8261;621acfc6-0c46-4724-9e7d-8b040eaeece4;2026-09-22 11:14:54.4982
anonymous;Sample;821;0.2987;-0.1968;-0.8226;621acfc6-0c46-4724-9e7d-8b040eaeece4;2026-09-22 11:14:54.5268
anonymous;Sample;823;0.2981;-0.1944;-0.8198;621acfc6-0c46-4724-9e7d-8b040eaeece4;2026-09-22 11:14:54.5543
anonymous;Sample;825;0.2987;-0.1949;-0.8206;621acfc6-0c46-4724-9e7d-8b040eaeece4;2026-09-22 11:14:54.5815
anonymous;Sample;827;0.2992;-0.1950;-0.8186;621acfc6-0c46-4724-9e7d-8b040eaeece4;2026-09-22 11:14:54.6094
anonymous;Sample;829;0.2970;-0.1883;-0.8072;621acfc6-0c46-4724-9e7d-8b040eaeece4;2026-09-22 11:14:54.6383
anonymous;Sample;831;0.2966;-0.1785;-0.7972;621acfc6-0c46-4724-9e7d-8b040eaeece4;2026-09-22 11:14:54.6652
anonymous;Sample;833;0.2990;-0.1768;-0.7872;621acfc6-0c46-4724-9e7d-8b040eaeece4;2026-09-22 11:14:54.6927
anonymous;Sample;835;0.2952;-0.1818;-0.7834;621acfc6-0c46-4724-9e7d-8b040eaeece4;2026-09-22 11:14:54.7216
anonymous;Sample;837;0.2940;-0.1822;-0.7733;621acfc6-0c46-4724-9e7d-8b040eaeece4;2026-09-22 11:14:54.7488
anonymous;Sample;839;0.2927;-0.1748;-0.7497;621acfc6-0c46-4724-9e7d-8b040eaeece4;2026-09-22 11:14:54.7764
anonymous;Sample;841;0.2898;-0.1734;-0.7410;621acfc6-0c46-4724-9e7d-8b040eaeece4;2026-09-22 11:14:54.8044
anonymous;Sample;843;0.2855;-0.1782;-0.7270;621acfc6-0c46-4724-9e7d-8b040eaeece4;2026-09-22 11:14:54.8324
anonymous;Sample;845;0.2695;-0.1764;-0.6750;621acfc6-0c46-4724-9e7d-8b040eaeece4;2026-09-22 11:14:54.8607
anonymous;Sample;847;0.2622;-0.1549;-0.6349;621acfc6-0c46-4724-9e7d-8b040eaeece4;2026-09-22 11:14:54.8882
anonymous;Sample;849;0.2674;-0.1622;-0.6252;621acfc6-0c46-4724-9e7d-8b040eaeece4;2026-09-22 11:14:54.9159
anonymous;Sample;851;0.2422;-0.1629;-0.5832;621acfc6-0c46-4724-9e7d-8b040eaeece4;2026-09-22 11:14:54.9437
anonymous;Sample;853;0.2191;-0.1363;-0.5126;621acfc6-0c46-4724-9e7d-8b040eaeece4;2026-09-22 11:14:54.9714
anonymous;Sample;855;0.2096;-0.1352;-0.5100;621acfc6-0c46-4724-9e7d-8b040eaeece4;2026-09-22 11:14:54.9998
anonymous;Sample;857;0.1829;-0.1285;-0.4474;621acfc6-0c46-4724-9e7d-8b040eaeece4;2026-09-22 11:14:55.0264
anonymous;Sample;859;0.1749;-0.1220;-0.3977;621acfc6-0c46-4724-9e7d-8b040eaeece4;2026-09-22 11:14:55.0549
anonymous;Sample;861;0.1694;-0.1416;-0.3889;621acfc6-0c46-4724-9e7d-8b040eaeece4;2026-09-22 11:14:55.0830
anonymous;Sample;863;0.1455;-0.1323;-0.3244;621acfc6-0c46-4724-9e7d-8b040eaeece4;2026-09-22 11:14:55.1112
anonymous;Sample;865;0.1349;-0.1319;-0.2998;621acfc6-0c46-4724-9e7d-8b040eaeece4;2026-09-22 11:14:55.1375
anonymous;Sample;867;0.1155;-0.1155;-0.2479;621acfc6-0c46-4724-9e7d-8b040eaeece4;2026-09-22 11:14:55.1645
anonymous;Sample;869;0.1212;-0.1260;-0.2365;621acfc6-0c46-4724-9e7d-8b040eaeece4;2026-09-22 11:14:55.1931
anonymous;Sample;871;0.1193;-0.1260;-0.1917;621acfc6-0c46-4724-9e7d-8b040eaeece4;2026-09-22 11:14:55.2214
anonymous;Sample;873;0.1048;-0.1016;-0.1534;621acfc6-0c46-4724-9e7d-8b040eaeece4;2026-09-22 11:14:55.2494
anonymous;Sample;875;0.1147;-0.1080;-0.1413;621acfc6-0c46-4724-9e7d-8b040eaeece4;2026-09-22 11:14:55.2771
anonymous;Sample;877;0.1192;-0.1149;-0.1162;621acfc6-0c46-4724-9e7d-8b040eaeece4;2026-09-22 11:14:55.3046
anonymous;Sample;879;0.0870;-0.0935;-0.0750;621acfc6-0c46-4724-9e7d-8b040eaeece4;2026-09-22 11:14:55.3333
anonymous;Sample;881;0.0850;-0.0917;-0.0568;621acfc6-0c46-4724-9e7d-8b040eaeece4;2026-09-22 11:14:55.3598
anonymous;Sample;883;0.0882;-0.1025;-0.0556;621acfc6-0c46-4724-9e7d-8b040eaeece4;2026-09-22 11:14:55.3874
anonymous;Sample;885;0.0673;-0.0891;-0.0100;621acfc6-0c46-4724-9e7d-8b040eaeece4;2026-09-22 11:14:55.4152
anonymous;Sample;887;0.0573;-0.0795;0.0017;621acfc6-0c46-4724-9e7d-8b040eaeece4;2026-09-22 11:14:55.4444
anonymous;Sample;889;0.0504;-0.0681;0.0312;621acfc6-0c46-4724-9e7d-8b040eaeece4;2026-09-22 11:14:55.4714
anonymous;Sample;891;0.0443;-0.0852;0.0419;621acfc6-0c46-4724-9e7d-8b040eaeece4;2026-09-22 11:14:55.4996
anonymous;Sample;893;0.0560;-0.0903;0.0258;621acfc6-0c46-4724-9e7d-8b040eaeece4;2026-09-22 11:14:55.5271
anonymous;Sample;895;0.0569;-0.0860;0.0137;621acfc6-0c46-4724-9e7d-8b040eaeece4;2026-09-22 11:14:55.5546
anonymous;Sample;897;0.0532;-0.0795;0.0202;621acfc6-0c46-4724-9e7d-8b040eaeece4;2026-09-22 11:14:55.5832
anonymous;Sample;899;0.0483;-0.0742;0.0154;621acfc6-0c46-4724-9e7d-8b040eaeece4;2026-09-22 11:14:55.6096
anonymous;Sample;901;0.0557;-0.0854;-0.0036;621acfc6-0c46-4724-9e7d-8b040eaeece4;2026-09-22 11:14:55.6376
anonymous;Sample;903;0.0640;-0.0913;-0.0034;621acfc6-0c46-4724-9e7d-8b040eaeece4;2026-09-22 11:14:55.6654
anonymous;Sample;905;0.0675;-0.0832;-0.0109;621acfc6-0c46-4724-9e7d-8b040eaeece4;2026-09-22 11:14:55.6933
anonymous;Sample;907;0.0599;-0.0764;-0.0050;621acfc6-0c46-4724-9e7d-8b040eaeece4;2026-09-22 11:14:55.7214
anonymous;Sample;909;0.0613;-0.0837;-0.0054;621acfc6-0c46-4724-9e7d-8b040eaeece4;2026-09-22 11:14:55.7492
anonymous;Sample;911;0.0792;-0.0992;-0.0268;621acfc6-0c46-4724-9e7d-8b040eaeece4;2026-09-22 11:14:55.7766
anonymous;Sample;913;0.0681;-0.0824;-0.0145;621acfc6-0c46-4724-9e7d-8b040eaeece4;2026-09-22 11:14:55.8051
anonymous;Sample;915;0.0577;-0.0714;-0.0129;621acfc6-0c46-4724-9e7d-8b040eaeece4;2026-09-22 11:14:55.8325
anonymous;Sample;917;0.0673;-0.0893;-0.0224;621acfc6-0c46-4724-9e7d-8b040eaeece4;2026-09-22 11:14:55.8602
anonymous;Sample;919;0.0765;-0.0942;-0.0334;621acfc6-0c46-4724-9e7d-8b040eaeece4;2026-09-22 11:14:55.8879
anonymous;Sample;921;0.0698;-0.0864;-0.0231;621acfc6-0c46-4724-9e7d-8b040eaeece4;2026-09-22 11:14:55.9165
anonymous;Sample;923;0.0681;-0.0857;-0.0217;621acfc6-0c46-4724-9e7d-8b040eaeece4;2026-09-22 11:14:55.9440
anonymous;Sample;925;0.0779;-0.1012;-0.0336;621acfc6-0c46-4724-9e7d-8b040eaeece4;2026-09-22 11:14:55.9719
anonymous;Sample;927;0.0719;-0.0926;-0.0246;621acfc6-0c46-4724-9e7d-8b040eaeece4;2026-09-22 11:14:56.0000
anonymous;Sample;929;0.0666;-0.0929;-0.0206;621acfc6-0c46-4724-9e7d-8b040eaeece4;2026-09-22 11:14:56.0267
anonymous;Sample;930;0.0707;-0.0950;-0.0247;621acfc6-0c46-4724-9e7d-8b040eaeece4;2026-09-22 11:14:56.0427
anonymous;Sample;932;0.0802;-0.1031;-0.0333;621acfc6-0c46-4724-9e7d-8b040eaeece4;2026-09-22 11:14:56.0697
anonymous;Sample;935;0.0753;-0.0932;-0.0194;621acfc6-0c46-4724-9e7d-8b040eaeece4;2026-09-22 11:14:56.1108
anonymous;Sample;937;0.0758;-0.0973;-0.0171;621acfc6-0c46-4724-9e7d-8b040eaeece4;2026-09-22 11:14:56.1379
anonymous;Sample;939;0.0816;-0.0956;-0.0131;621acfc6-0c46-4724-9e7d-8b040eaeece4;2026-09-22 11:14:56.1648
anonymous;Sample;941;0.0850;-0.1121;-0.0271;621acfc6-0c46-4724-9e7d-8b040eaeece4;2026-09-22 11:14:56.1941
anonymous;Sample;943;0.0886;-0.1068;-0.0213;621acfc6-0c46-4724-9e7d-8b040eaeece4;2026-09-22 11:14:56.2231
anonymous;Sample;945;0.0899;-0.1089;-0.0216;621acfc6-0c46-4724-9e7d-8b040eaeece4;2026-09-22 11:14:56.2491
anonymous;Sample;947;0.0784;-0.1123;-0.0159;621acfc6-0c46-4724-9e7d-8b040eaeece4;2026-09-22 11:14:56.2765
anonymous;Sample;949;0.0584;-0.1089;-0.0083;621acfc6-0c46-4724-9e7d-8b040eaeece4;2026-09-22 11:14:56.3042
anonymous;Sample;951;0.0042;-0.1080;0.0022;621acfc6-0c46-4724-9e7d-8b040eaeece4;2026-09-22 11:14:56.3326
anonymous;Sample;953;-0.0117;-0.1085;0.0016;621acfc6-0c46-4724-9e7d-8b040eaeece4;2026-09-22 11:14:56.3597
anonymous;Sample;955;-0.0214;-0.1083;0.0011;621acfc6-0c46-4724-9e7d-8b040eaeece4;2026-09-22 11:14:56.3879
anonymous;Sample;957;-0.0240;-0.1088;0.0009;621acfc6-0c46-4724-9e7d-8b040eaeece4;2026-09-22 11:14:56.4149
anonymous;Sample;959;-0.0173;-0.1088;0.0007;621acfc6-0c46-4724-9e7d-8b040eaeece4;2026-09-22 11:14:56.4429
anonymous;Sample;961;0.0007;-0.1078;-0.0008;621acfc6-0c46-4724-9e7d-8b040eaeece4;2026-09-22 11:14:56.4710
anonymous;Sample;963;0.0038;-0.1073;-0.0013;621acfc6-0c46-4724-9e7d-8b040eaeece4;2026-09-22 11:14:56.4982
anonymous;Sample;965;0.0031;-0.1069;-0.0012;621acfc6-0c46-4724-9e7d-8b040eaeece4;2026-09-22 11:14:56.5266
anonymous;Sample;967;0.0000;-0.1074;-0.0001;621acfc6-0c46-4724-9e7d-8b040eaeece4;2026-09-22 11:14:56.5542
anonymous;Sample;969;-0.0005;-0.1074;0.0002;621acfc6-0c46-4724-9e7d-8b040eaeece4;2026-09-22 11:14:56.5813
anonymous;Sample;971;-0.0001;-0.1073;0.0002;621acfc6-0c46-4724-9e7d-8b040eaeece4;2026-09-22 11:14:56.6095
anonymous;Sample;973;0.0000;-0.1073;0.0000;621acfc6-0c46-4724-9e7d-8b040eaeece4;2026-09-22 11:14:56.6381
anonymous;Sample;975;0.0001;-0.1073;-0.0001;621acfc6-0c46-4724-9e7d-8b040eaeece4;2026-09-22 11:14:56.6652
anonymous;Sample;977;0.0001;-0.1073;-0.0001;621acfc6-0c46-4724-9e7d-8b040eaeece4;2026-09-22 11:14:56.6927
anonymous;Sample;979;0.0000;-0.1073;0.0000;621acfc6-0c46-4724-9e7d-8b040eaeece4;2026-09-22 11:14:56.7210
anonymous;Sample;981;0.0000;-0.1073;0.0000;621acfc6-0c46-4724-9e7d-8b040eaeece4;2026-09-22 11:14:56.7486
anonymous;Sample;983;0.0000;-0.1073;0.0000;621acfc6-0c46-4724-9e7d-8b040eaeece4;2026-09-22 11:14:56.7773
anonymous;Sample;985;0.0000;-0.1073;0.0000;621acfc6-0c46-4724-9e7d-8b040eaeece4;2026-09-22 11:14:56.8044
anonymous;Sample;987;0.0000;-0.1073;0.0000;621acfc6-0c46-4724-9e7d-8b040eaeece4;2026-09-22 11:14:56.8325
anonymous;Sample;989;0.0000;-0.1073;0.0000;621acfc6-0c46-4724-9e7d-8b040eaeece4;2026-09-22 11:14:56.8598
anonymous;Sample;991;0.0000;-0.1073;0.0000;621acfc6-0c46-4724-9e7d-8b040eaeece4;2026-09-22 11:14:56.8879
anonymous;Sample;993;0.0000;-0.1073;0.0000;621acfc6-0c46-4724-9e7d-8b040eaeece4;2026-09-22 11:14:56.9150
anonymous;Sample;995;0.0000;-0.1073;0.0000;621acfc6-0c46-4724-9e7d-8b040eaeece4;2026-09-22 11:14:56.9426
anonymous;Sample;997;0.0000;-0.1073;0.0000;621acfc6-0c46-4724-9e7d-8b040eaeece4;2026-09-22 11:14:56.9711
anonymous;Sample;999;0.0000;-0.1073;0.0000;621acfc6-0c46-4724-9e7d-8b040eaeece4;2026-09-22 11:14:56.9996
anonymous;Sample;1001;0.0000;-0.1073;0.0000;621acfc6-0c46-4724-9e7d-8b040eaeece4;2026-09-22 11:14:57.0274
anonymous;Sample;1003;0.0000;-0.1073;0.0000;621acfc6-0c46-4724-9e7d-8b040eaeece4;2026-09-22 11:14:57.0546
anonymous;Sample;1005;0.0000;-0.1073;0.0000;621acfc6-0c46-4724-9e7d-8b040eaeece4;2026-09-22 11:14:57.0822
anonymous;Sample;1007;0.0000;-0.1073;0.0000;621acfc6-0c46-4724-9e7d-8b040eaeece4;2026-09-22 11:14:57.1097
anonymous;Sample;1009;0.0000;-0.1073;0.0000;621acfc6-0c46-4724-9e7d-8b040eaeece4;2026-09-22 11:14:57.1378
anonymous;Sample;1011;0.0000;-0.1073;0.0000;621acfc6-0c46-4724-9e7d-8b040eaeece4;2026-09-22 11:14:57.1654
anonymous;Sample;1013;0.0000;-0.1073;0.0000;621acfc6-0c46-4724-9e7d-8b040eaeece4;2026-09-22 11:14:57.1931
anonymous;Sample;1015;0.0000;-0.1073;0.0000;621acfc6-0c46-4724-9e7d-8b040eaeece4;2026-09-22 11:14:57.2210
anonymous;Sample;1017;0.0000;-0.1073;0.0000;621acfc6-0c46-4724-9e7d-8b040eaeece4;2026-09-22 11:14:57.2491
anonymous;Sample;1019;0.0000;-0.1073;0.0000;621acfc6-0c46-4724-9e7d-8b040eaeece4;2026-09-22 11:14:57.2765
anonymous;Sample;1021;0.0000;-0.1073;0.0000;621acfc6-0c46-4724-9e7d-8b040eaeece4;2026-09-22 11:14:57.3043
anonymous;Sample;1023;0.0000;-0.1073;0.0000;621acfc6-0c46-4724-9e7d-8b040eaeece4;2026-09-22 11:14:57.3327
anonymous;Sample;1025;0.0000;-0.1073;0.0000;621acfc6-0c46-4724-9e7d-8b040eaeece4;2026-09-22 11:14:57.3603
anonymous;Sample;1027;0.0000;-0.1073;0.0000;621acfc6-0c46-4724-9e7d-8b040eaeece4;2026-09-22 11:14:57.3885
anonymous;Sample;1029;0.0000;-0.1073;0.0000;621acfc6-0c46-4724-9e7d-8b040eaeece4;2026-09-22 11:14:57.4160
anonymous;Sample;1031;0.0000;-0.1073;0.0000;621acfc6-0c46-4724-9e7d-8b040eaeece4;2026-09-22 11:14:57.4437
anonymous;Sample;1033;0.0000;-0.1073;0.0000;621acfc6-0c46-4724-9e7d-8b040eaeece4;2026-09-22 11:14:57.4718
anonymous;Sample;1035;0.0000;-0.1073;0.0000;621acfc6-0c46-4724-9e7d-8b040eaeece4;2026-09-22 11:14:57.4988
anonymous;Sample;1037;0.0000;-0.1073;0.0000;621acfc6-0c46-4724-9e7d-8b040eaeece4;2026-09-22 11:14:57.5263
anonymous;Sample;1039;0.0000;-0.1073;0.0000;621acfc6-0c46-4724-9e7d-8b040eaeece4;2026-09-22 11:14:57.5551
anonymous;Sample;1041;0.0000;-0.1073;0.0000;621acfc6-0c46-4724-9e7d-8b040eaeece4;2026-09-22 11:14:57.5835
anonymous;Sample;1043;0.0000;-0.1073;0.0000;621acfc6-0c46-4724-9e7d-8b040eaeece4;2026-09-22 11:14:57.6100
anonymous;Sample;1045;0.0000;-0.1073;0.0000;621acfc6-0c46-4724-9e7d-8b040eaeece4;2026-09-22 11:14:57.6375
anonymous;Sample;1047;0.0000;-0.1073;0.0000;621acfc6-0c46-4724-9e7d-8b040eaeece4;2026-09-22 11:14:57.6667
anonymous;Sample;1048;0.0000;-0.1073;0.0000;621acfc6-0c46-4724-9e7d-8b040eaeece4;2026-09-22 11:14:57.6811
anonymous;Sample;1051;0.0000;-0.1073;0.0000;621acfc6-0c46-4724-9e7d-8b040eaeece4;2026-09-22 11:14:57.7223
anonymous;Sample;1053;0.0000;-0.1073;0.0000;621acfc6-0c46-4724-9e7d-8b040eaeece4;2026-09-22 11:14:57.7493
anonymous;Sample;1055;0.0000;-0.1073;0.0000;621acfc6-0c46-4724-9e7d-8b040eaeece4;2026-09-22 11:14:57.7790
anonymous;Sample;1057;0.0000;-0.1073;0.0000;621acfc6-0c46-4724-9e7d-8b040eaeece4;2026-09-22 11:14:57.8056
anonymous;Sample;1059;0.0000;-0.1073;0.0000;621acfc6-0c46-4724-9e7d-8b040eaeece4;2026-09-22 11:14:57.8321
anonymous;Sample;1061;0.0000;-0.1073;0.0000;621acfc6-0c46-4724-9e7d-8b040eaeece4;2026-09-22 11:14:57.8606
anonymous;Sample;1063;0.0000;-0.1073;0.0000;621acfc6-0c46-4724-9e7d-8b040eaeece4;2026-09-22 11:14:57.8864
anonymous;Sample;1065;0.0000;-0.1073;0.0000;621acfc6-0c46-4724-9e7d-8b040eaeece4;2026-09-22 11:14:57.9155
anonymous;Sample;1067;0.0000;-0.1073;0.0000;621acfc6-0c46-4724-9e7d-8b040eaeece4;2026-09-22 11:14:57.9425
anonymous;Sample;1069;0.0000;-0.1073;0.0000;621acfc6-0c46-4724-9e7d-8b040eaeece4;2026-09-22 11:14:57.9703
anonymous;Sample;1071;0.0000;-0.1073;0.0000;621acfc6-0c46-4724-9e7d-8b040eaeece4;2026-09-22 11:14:57.9984
anonymous;Sample;1073;0.0000;-0.1073;0.0000;621acfc6-0c46-4724-9e7d-8b040eaeece4;2026-09-22 11:14:58.0259
anonymous;Sample;1075;0.0000;-0.1073;0.0000;621acfc6-0c46-4724-9e7d-8b040eaeece4;2026-09-22 11:14:58.0549
anonymous;Sample;1077;0.0000;-0.1073;0.0000;621acfc6-0c46-4724-9e7d-8b040eaeece4;2026-09-22 11:14:58.0811
anonymous;Sample;1079;0.0000;-0.1073;0.0000;621acfc6-0c46-4724-9e7d-8b040eaeece4;2026-09-22 11:14:58.1096
anonymous;Sample;1081;0.0000;-0.1073;0.0000;621acfc6-0c46-4724-9e7d-8b040eaeece4;2026-09-22 11:14:58.1371
anonymous;Sample;1083;0.0000;-0.1073;0.0000;621acfc6-0c46-4724-9e7d-8b040eaeece4;2026-09-22 11:14:58.1645
anonymous;Sample;1085;0.0000;-0.1073;0.0000;621acfc6-0c46-4724-9e7d-8b040eaeece4;2026-09-22 11:14:58.1931
anonymous;Sample;1087;0.0000;-0.1073;0.0000;621acfc6-0c46-4724-9e7d-8b040eaeece4;2026-09-22 11:14:58.2196
anonymous;Sample;1089;0.0000;-0.1073;0.0000;621acfc6-0c46-4724-9e7d-8b040eaeece4;2026-09-22 11:14:58.2487
anonymous;Sample;1091;0.0000;-0.1073;0.0000;621acfc6-0c46-4724-9e7d-8b040eaeece4;2026-09-22 11:14:58.2764
anonymous;Sample;1093;0.0000;-0.1073;0.0000;621acfc6-0c46-4724-9e7d-8b040eaeece4;2026-09-22 11:14:58.3070
anonymous;Sample;1095;0.0000;-0.1073;0.0000;621acfc6-0c46-4724-9e7d-8b040eaeece4;2026-09-22 11:14:58.3397
anonymous;Sample;1097;0.0000;-0.1073;0.0000;621acfc6-0c46-4724-9e7d-8b040eaeece4;2026-09-22 11:14:58.3591
anonymous;Sample;1099;0.0000;-0.1073;0.0000;621acfc6-0c46-4724-9e7d-8b040eaeece4;2026-09-22 11:14:58.3869
anonymous;Sample;1101;0.0000;-0.1073;0.0000;621acfc6-0c46-4724-9e7d-8b040eaeece4;2026-09-22 11:14:58.4148
anonymous;Sample;1103;0.0000;-0.1073;0.0000;621acfc6-0c46-4724-9e7d-8b040eaeece4;2026-09-22 11:14:58.4428
anonymous;Sample;1105;0.0000;-0.1073;0.0000;621acfc6-0c46-4724-9e7d-8b040eaeece4;2026-09-22 11:14:58.4708
anonymous;Sample;1107;0.0000;-0.1073;0.0000;621acfc6-0c46-4724-9e7d-8b040eaeece4;2026-09-22 11:14:58.4973
anonymous;Sample;1109;0.0000;-0.1073;0.0000;621acfc6-0c46-4724-9e7d-8b040eaeece4;2026-09-22 11:14:58.5270
anonymous;Sample;1323;0.0000;-0.1073;0.0000;621acfc6-0c46-4724-9e7d-8b040eaeece4;2026-09-22 11:15:00.2515
